questionset,questionID,section,question,answer1,answer2,answer3,answer4,correctAnswer,selectedAnswer,isCorrect,skipReview,inBonusSection,ausValueSelectedAnswer,ausValueIsCorrect
1,0,1,How many stars has the Australian flag?,4,5,6,7,3,0,0,0,0,0,0
1,1,1,What is the name of Australian national anthem?,Waltzing Matilda,Advance Australia Fair,God Save the Queen,I am Australian,2,0,0,0,0,0,0
1,2,1,What is Australia%quote%s national flower?,Golden Wattle,Red rose,Iris,Gymea lily,1,0,0,0,0,0,0
1,3,1,What is Australia%quote%s national colours?,Red and Blue,Black,Green and gold,Blue and White,3,0,0,0,0,0,0
1,4,1,What is Australia%quote%s national gemstone?,Gold,Diamond,Limestone,Opal,4,0,0,0,0,0,0
1,5,2,How does the government help Australians in need?,Through social security and other services,Government members donating part of their income to people in need ,The Queen of Australia giving money to people in need,All of the above,1,0,0,0,0,0,0
1,6,2,The national police force is called the:,Australian Defence Force,Australian Federal Police,Australia Police,None of the above,2,0,0,0,0,0,0
1,7,2,At the citizenship ceremony%comma% you pledge that you share Australia%quote%s democratic beliefs and that you ____ ?,Work for the government,Get a passport,Join the army,Respect the rights and liberties of the people of Australia. ,4,0,0,0,0,0,0
1,8,2,Which of the following describes women%quote%s rights in Australia?,All Australian women must get married before the age of 35,All Australian women must get their father%quote%s permission to marry.,Australian women under the age of 20 must not get married,Australian women have the right to make their own decision about marriage,4,0,0,0,0,0,0
1,9,2,Which of these statements about government in Australia is correct?,The government does not allow some religions,The government in Australia is secular,Religious laws are passed by Parliament,Catholic is official religion of Australia,2,0,0,0,0,0,0
1,10,3,Representatives for state and territory governments are chosen by:,The Queen,The Prime Minister,Citizens in their area through election,None of the above,3,0,0,0,0,0,0
1,11,3,Which of the following is the name of the legal document that contains the rules for the government of Australia?,The Australian Law Book,the Australian Government Manual,The Australian Federation,The Australian Constitution,4,0,0,0,0,0,0
1,12,3,What is the significance of 1 January 1901?,The Australian Constitution came into effect,The Australian Constitution was amended,The Australian Constitution was drafted,None of the above,1,0,0,0,0,0,0
1,13,3,Who is responsible for immigration and citizenship in Australia?,The state government,The Australian Government,The territory government,The local government,2,0,0,0,0,0,0
1,14,3,Laws:,Are needed to protect the government%quote%s rights,Help to maintain a orderly and peaceful society,Ensures that every citizen is wealthy,All of the above,2,0,0,0,0,0,0
1,15,4,AusValue: Which of these statements best demonstrates Australian values about freedom of expression? ,Everyone can peacefully express their opinions within the law.,People with different views from me need to keep quiet.,Only approved topics can be discussed.,Australian people are free to join or leave any group voluntarily.,1,0,0,0,1,0,0
1,16,4,AusValue: Should people in Australia make an effort to learn English? ,People in Australia should speak whichever language is most commonly spoken in their local neighbourhood.,There is no expectation to learn any particular language in Australia.,Yes%comma% English is the national language of Australia and it helps. To get an education%comma% a job and to integrated into the community.,No%comma% you may put effort to learn most commonly spoken in your state.,3,0,0,0,1,0,0
1,17,4,AusValue: In Australia%comma% can you encourage violence against a person or group of people if you have been insulted? ,Yes%comma% if you do not intend to carry out the violence.,No%comma% it is against Australian values and the law.,Sometimes%comma% if I feel very offended.,Yes%comma% if it is a fair fight.,2,0,0,0,1,0,0
1,18,4,AusValue: Should people tolerate one another where they find that they disagree? ,It is against the law to disagree with one another.,No%comma% people only need to treat each other with respect if they agree with on another.,Yes%comma% peaceful disagreement reflects Australian values in relation to mutual respect.,No%comma% because you need to keep your dignity intact.,3,0,0,0,1,0,0
1,19,4,AusValue: Which of the following is an example of contributing to Australian community? ,Volunteering of fundraising for a charity is a great opportunity to strengthen our community.,I should not make any effort to get the know other people.,People in Australia should not contribute to the community because Australia is a safe country.,I work for Australian Armed Force.,1,0,0,0,1,0,0
2,0,1,Australia Day is celebrated on?,26-Jan,25-Apr,1-Jul,25-Dec,1,0,0,0,0,0,0
2,1,1,How many states are in Austalia,4,5,6,8,3,0,0,0,0,0,0
2,2,1,In 1851%comma% ________ was discovered in New South Wales and Victoria?,Oil,Gold,Diamond,Granite,2,0,0,0,0,0,0
2,3,1,The capital of Queensland is:,Brisbane,Gold Coast,Darwin,Sydney,1,0,0,0,0,0,0
2,4,1,What Percentage of people living in Australia were born overseas?,Around 10%,Around 10% to 20%,More than 50%,Around 25%,4,0,0,0,0,0,0
2,5,2,Which of these is an example of equality in Australia?,Everyone follows the same religion,Man and women have equal rights,Everyone belongs to the same political party,Everyone must have a college degree,2,0,0,0,0,0,0
2,6,2,If Australians break the law%comma% they get arrested by:,The Prime Minister,Police Officers,Judges,The Queen,2,0,0,0,0,0,0
2,7,2,Which of the following is true about freedom of association in Australia?,Australians cannot hold any protests against the government ,Australians are required to get the approval from the Queen before holding any protests ,Australians can hold protests only in poor economic times ,As long as they act legally%comma% Australians can protest against the government ,4,0,0,0,0,0,0
2,8,2,Citizens of Australia:,Must join a political party,Do not have to join a political party,Must join a political party if they want a job in Australia,Do not have to join a political party only if they are in school,2,0,0,0,0,0,0
2,9,2,Which of these is a responsibility of Australian citizens aged 18 years or over?,To attend local council meetings,To vote in federal and state or territory elections and in a referendum,To have a current Australian passport,To have a driver license from a state,2,0,0,0,0,0,0
2,10,3,A referendum is:,A vote to elect a different Prime Minister ,A vote to elect a different Queen ,A vote to amend the Australian Constitution ,All of the above,3,0,0,0,0,0,0
2,11,3,Which of the following has the power to interpret and apply laws?,Legislative ,Executive ,Judicial ,All of the above,3,0,0,0,0,0,0
2,12,3,What is the role of the Governor-General?,The appointment of the government members ,The appointment of the Head of State ,The appointment of the Queen ,The signing of Bills passed by the Parliament ,4,0,0,0,0,0,0
2,13,3,Which of the following statements is true about state government?,Some states do not have a constitution ,The states have no constitution,Each state has its own constitution ,All states have the same constitution ,3,0,0,0,0,0,0
2,14,3,The party or coalition of parties that wins the second largest number of votes in an election is called:,The Opposition ,The Sente ,The Parliament ,The Government ,1,0,0,0,0,0,0
2,15,4,AusValue: Australian values based on ______?  ,Freedom,Respect,Fairness and equality of opportunity,All of the above,4,0,0,0,1,0,0
2,16,4,AusValue: What is NOT Australian values? ,Freedom of speech and mutual respect. ,Rule of law,Barbecue food,Equality of opportunity and the importance of democracy.,3,0,0,0,1,0,0
2,17,4,AusValue: Why is it important that all Australian citizens vote to elect the state and federal parliament? ,By voting%comma% Australian citizens have a say in how Australia is governed and contribute to its future,There is a huge fine,To eligible for applying for a passport,To demonstate your loyalty to Australia,1,0,0,0,1,0,0
2,18,4,AusValue: Should people%quote%s freedom of speech and freedom of expression be respected in Australia? ,No,Yes,Depends on which state you are in,Depends on which city you are in,2,0,0,0,1,0,0
2,19,4,AusValue: What is NOT Australian values? ,Freedom of speech,Freedom of association,Freedom of religion,Freedom of information,4,0,0,0,1,0,0
3,0,1,Why did many non-British citizens immigrate to Australia after World War II?,To build a new life,To dig for gold,To claim free land,To change the world,1,0,0,0,0,0,0
3,1,1,ANZAC Day is named after:,The Australian and New Zealand Army Corps,The Australian and New Zealand Cadets,The Australian and Aboriginal Culture,None of the above,1,0,0,0,0,0,0
3,2,1,The British Government first transported convicts to:,Victoria,Tasmania,New South Wales,Queensland,3,0,0,0,0,0,0
3,3,1,The population of New South Wales and Victoria in the 10 years from 1851:,Did not change,Decreased by half,Increased by about 1/3,Increased by more than doubled,4,0,0,0,0,0,0
3,4,1,The capital city of the Northern Territory is:,Cairn,Darwin,Perth,Alice Spring,2,0,0,0,0,0,0
3,5,1,Which of the following is Australia%quote%s largest state?,New South Wales,Tasmania,Western Australia,Queensland,3,0,0,0,0,0,0
3,6,2,Who can apply and hold an Australian passport?,Permanent residents in Australia,Visa students in Australia,Australian citizens,A and C,3,0,0,0,0,0,0
3,7,2,Which of the following have legal status in Australia?,Laws that are passed by the Australian Parliament,Laws that are passed by the Australian Queen,Laws that are passed by the citizens,A and B,1,0,0,0,0,0,0
3,8,2,Which of the following laws is legal in Australia?,Laws voted on by the citizens,Laws chosen by the Queen,Laws passed by the Australian Parliament,All of the above,3,0,0,0,0,0,0
3,9,2,Which of these statements about passports is correct?,Australian citizens can apply for an Australian passport,Permanent residents can hold an Australian passport,Australian citizens need a passport and visa to return to Australia,Australian passport has no expiration date,1,0,0,0,0,0,0
3,10,3,Voting in Australia is:,Done by telephone ,By secret ballot ,Done online ,By ballot with your name and contact information on it ,2,0,0,0,0,0,0
3,11,3,What are the names of the two houses of the Commonwealth Parliament?,The Senate and the Town Hall ,The Senate and the house of Representatives ,The Palace and The Senate ,The House of Representative and the House of Commons ,2,0,0,0,0,0,0
3,12,3,Who approves the appointment of the Australian Government and its ministers?,The Prime Minister ,The Governor-General ,Queen Elizabeth II ,None of the above ,2,0,0,0,0,0,0
3,13,3,Where is the Parliament House of Commonwealth Parliament located?,Sydney,Melbourne,Canberra,Brisbane,3,0,0,0,0,0,0
3,14,3,The Queen%quote%s representative in Australia is:,The citizens ,The Sentors ,The Prime Minister ,The Governor-General ,4,0,0,0,0,0,0
3,15,4,AusValue: Do you agree that men and women should be provided equality of opportunity when pursuing their goals and interests? ,Yes%comma% people from different backgrounds are not given a preferential treatment%comma% nor discriminationed against,No since people are not created equal by nature,Depends if you are in rural area%comma% it is no need to be provided,No%comma% if you are rich%comma% you should have a special treatment,1,0,0,0,1,0,0
3,16,4,AusValue: Which of the following is NOT correct about freedom of speech? ,People in Australia should be able to express their ideas freely so long as it is within the law,In Australia%comma% people are free to meet for social or political discussion,In Australia%comma% people are free to say and write what they think about any topic and to discuss with others,In Australia%comma% people are free to join or leave any group voluntarily as long as it is within the law,4,0,0,0,1,0,0
3,17,4,AusValue: In Australia%comma% are people free to choose who they marry or not marry? ,No%comma% your parent will choose for you,No%comma% your local council will choose for you,Yes,Depends on your income,3,0,0,0,1,0,0
3,18,4,AusValue: Which of the following statement is INCORRECT (Loyalty to Australia)? ,In the citizenship pledge%comma% Australian citizens pledge their loyalty to Australia and its people,Australian citizens may also hold the citizenship of another country or countries if the laws of those countries allows,It is illegal for Australians to be involved in any sexual activity%comma% here or overseas%comma% with a child under 16 years of age,None of the above (all are correct),4,0,0,0,1,0,0
3,19,4,AusValue: The power of government comes from? ,The Prime Minister ,The Queen,The God,The Australian people,4,0,0,0,1,0,0
4,0,1,The indigenous people of Australia share:,Common beliefs,Common traditions,The same language,A and B,4,0,0,0,0,0,0
4,1,1,What do we celebrate on ANZAC Day?,The landing of the first free settlers from Europe ,The landing of the First Fleet at Sydney Cove ,The landing of the first settlers from Asia at Gallipoli ,The landing of the New Zealand and Australian Army Corps at Gallipoli ,4,0,0,0,0,0,0
4,2,1,What is the population of Australia?,12 million ,25 million ,32 million ,50 million ,2,0,0,0,0,0,0
4,3,1,How was Australia organized before 1901?,By 6 self-governing Aboriginal groups ,By 6 self-governing British colonies ,By 6 British colonies that governed each other ,None of the above ,2,0,0,0,0,0,0
4,4,1,What colours are on the Australian Aboriginal Flag?,Red%comma% black%comma% and yellow ,Red%comma% black%comma% and white ,Green%comma% blue%comma% and red ,Red%comma% green%comma% and yellow ,1,0,0,0,0,0,0
4,5,2,Which of the following is true about freedom of speech in Australia?,People have the freedom to make facial expressions,People may swear at anyone,People may express their views freely through violent actions,People may express their views freely through any media,4,0,0,0,0,0,0
4,6,2,Which of the following statements is correct about Australia%quote%s government system?,The Queen of Australia appoints the government ,The government is elected by the citizens of Australia ,The Queen of Australia is elected by the government of Australia ,B and C,2,0,0,0,0,0,0
4,7,2,What does equality under the law means for Australians?,Everyone earns the equal amount of money%comma% regardless of race or ethnicity ,People of other race or ethnicity should not be discriminated against ,People can be treated differently depending on their race ,None of the above,2,0,0,0,0,0,0
4,8,2,Which of the following demonstrates freedom of speech?,Australians are free to follow any religion ,Newspapers and other media can write about any topic ,Australians can choose to read any newspapers ,Australians can speak in any language ,2,0,0,0,0,0,0
4,9,3,What is the state and territory governments responsible for?,Defence ,Rubbish collection ,Police ,Libraries ,3,0,0,0,0,0,0
4,10,3,The leader of the Australian Government is:,The Queen of Australia appoints the government ,The Governor-General ,The Prime Minister ,The citizens ,3,0,0,0,0,0,0
4,11,3,The Governor-General is appointed by:,The Prime Minister ,The Queen ,The Commonwealth Parliament ,The Senators,2,0,0,0,0,0,0
4,12,3,Which of the following is the responsibility of the Federal Government?,Immigration ,Animal control ,Street signs ,Rubbish collection ,1,0,0,0,0,0,0
4,13,3,The leader of a territory government is called the:,Prime Minister ,Territory Minister ,Governor-General ,Chief Minister ,4,0,0,0,0,0,0
4,14,3,Which of the following is the role of the Council of Australian Government?,To facilitate and encourage cooperation among the levels of government ,To appoint the next Prime Minister ,To report to the Queen regarding political issues ,All of the above ,1,0,0,0,0,0,0
4,15,4,AusValue: Which of the following is NOT correct about Australian parliamentary democracy? ,Voting is compulsory,The first election was in year 1801,Australian laws are determined by parliaments elected by the Australian people,There are two Houses; Senate and House of representatives,2,0,0,0,1,0,0
4,16,4,AusValue: Which of the following is an example of mutual respect and tolerance for others? ,It is acceptable if John uses only verbal violence when he has a disgreement with Tommy,Amy listens to others and respecting their views and opinions%comma% even when they are different from your own,Anyone can create and share racially offensive material on Internet as long as it is anonymous and no specific offense to anyone,Mutual repect only applies to for people with 18 years of age and older,2,0,0,0,1,0,0
4,17,4,AusValue: In Australia%comma% is it acceptable for a husband to be violent towards his wife if she has disobeyed or disrespected him? ,No,Yes with limitation of once every 6 months,Yes with limitation of once a year,Yes%comma% if no one sees it,1,0,0,0,1,0,0
4,18,4,AusValue: Which of the following is correct about freedom of religion? ,Australia has no official national religion,People in Australia are free to follow any religion they choose,Religious intolerance is not acceptable in Australian society,All of the above are correct,4,0,0,0,1,0,0
4,19,4,AusValue: Which of the following statement is INCORRECT (Helping to keep our society safe)? ,Cyber abuse is not acceptable in Australia,Sharing sexual photos or videos online without consent is illegal in Australia,Stalking a person online or making racially abusive comments about at person online is considered as a personal freedom.,If you suspect a friend or neighbour may be planning to commit a crime%comma% you should report this to Australian government authorities as soon as possible,3,0,0,0,1,0,0
5,0,1,Which of the following is the official symbol for Commonwealth property?,The Australian Aboriginal Flag ,The national anthem ,Commonwealth Coat of Arms ,The Australian flag ,3,0,0,0,0,0,0
5,1,1,The first inhabitants of Australia were:,The Aboriginal ,British settlers ,Torres Strait Islander people ,A and C,4,0,0,0,0,0,0
5,2,1,What do the green strips represent on the Torres Strait Islander Flag?,Freedom ,The land ,Hope ,All of the above ,2,0,0,0,0,0,0
5,3,1,The national language of Australia is:,English,Australian,Aborigine,A and B,1,0,0,0,0,0,0
5,4,1,The capital of Western Australia is:,Sydney,Perth,Darwin,Canberra,2,0,0,0,0,0,0
5,5,2,The government in Australia is:,Secular,Appointed by the Queen of Australia ,Elected by the Royal family of Australia ,None of the above ,1,0,0,0,0,0,0
5,6,2,Which of the following demonstrates equality in Australia?,Adults and children have the same rights ,Men and women have the same rights ,Everyone speaks the same language ,Everyone follows the same religion ,2,0,0,0,0,0,0
5,7,2,Fair go%quote% means:,Australians can live in any parts of Australia ,Everyone has equality of opportunity ,One%quote%s achievements should be based on talent and effort ,B and C ,4,0,0,0,0,0,0
5,8,2,Equality of opportunity in Australia means:,People should get jobs based on their skills and abilities ,Men should be chosen for jobs more than women ,Women should be chosen for jobs more than men ,None of the above ,1,0,0,0,0,0,0
5,9,3,Which of the following statement is true?,All Australians are Christian ,Australians do not believe in change ,Australians believe change should occur by violent means ,Australians believe change should occur through the democratic process ,4,0,0,0,0,0,0
5,10,3,Who is considered to be above the law?,The Queen ,The Prime Minister ,The Senators,No one,4,0,0,0,0,0,0
5,11,3,Who is responsible for immigration and citizenship in Australia?,The Australian Government ,The state government ,The territory government ,The local government ,1,0,0,0,0,0,0
5,12,3,The rules about roads and traffic in Australia are controlled by:,The Australian government ,The state and territory governments ,The local government ,The police ,3,0,0,0,0,0,0
5,13,3,You must get a license from the ______ in order to use a gun in Australia.,Police,Army,Local government,State and territory governments,1,0,0,0,0,0,0
5,14,3,The role of ministers in the Australian Government is to:,Vote in elections ,Administer portfolios such as education and health ,Represent the Queen ,All of the above,2,0,0,0,0,0,0
5,15,4,AusValue: Which of the following is NOT correct regarding to a %quote%fair-go%quote% value? ,A %quote%Fair-go%quote% apply for Australian citizen or permanent resident only,What someone achieves in life should be a result of their hard work and talents,A person should get a job based on their skills and experience%comma% not because of their gender%comma% wealth or ethnicity,When an organization needs to fill a job%comma% the law supports that they select the person with the best skills and experience for the job,1,0,0,0,1,0,0
5,16,4,AusValue: Which of the following is an example of contributing to Australian community? ,When you work%comma% you pay taxes.,When you buy a property%comma% you pay stamp duty to government.,Volunteering around school and children%quote%s activities.,Keep your front lawn tidy,3,0,0,0,1,0,0
5,17,4,AusValue: What is an important of English language learning in Australia community? ,It helps to get an education%comma% a job and better integrate into the community,It helps you to get a concession card,It is to show your loyalty to Australia,It is the most spoken language in the world,1,0,0,0,1,0,0
5,18,4,AusValue: Which of the following is incorrect about equality of all people under the law? ,Either a husband or wife may apply for a divorce to the courts%comma% even if the other spouse wishes to continue the marriage.,Physical violence against a spouse or partner is never acceptable and it is criminal offence,Both men and women have the right to make their own choices abut personal matters%comma% such as marriage and religion.,None of the above (all are correct),4,0,0,0,1,0,0
5,19,4,AusValue: Which of the following is NOT correct about freedom of associate? ,In Australia%comma% people are free to join or leave any group voluntarily as long as it is within the law,In Australia%comma% people are free to associate with crime activities,Australians can gather freely within others%comma% including to protest against a government action or organisation.,All protests must be within the law and must not injure any person,2,0,0,0,1,0,0
6,0,1,The Australian nation came about by:,Negotiation ,Referendum ,Both A and B,None of the above,3,0,0,0,0,0,0
6,1,1,Who were the early free settlers of Australia?,The British ,The Ireland citizens ,A and B ,The Canadians ,3,0,0,0,0,0,0
6,2,1,Aboriginal culture is:,A new culture in both Australia and the world ,The same as many other indigenous cultures ,The oldest discontinued indigenous culture in the world ,The oldest continuing indigenous culture in the world ,4,0,0,0,0,0,0
6,3,1,The colonies in Australia were officially united into the Commonwealth of Australia in:,1701,1801,1901,2000,3,0,0,0,0,0,0
6,4,1,As an Australian citizen%comma% it is your responsibility to:,Ensure your passport is in good condition ,Volunteer in your community ,Join a Worker%quote%s Union ,Defend Australia along with your fellow Australians when needed ,4,0,0,0,0,0,0
6,5,2,Which of the following is the heritage of Australia?,Judaeo-Christian ,Christian-Atheist ,Christian-Buddhism ,Atheist ,1,0,0,0,0,0,0
6,6,2,Who can vote in Australia?,Citizens 16 years of age or over ,Citizens 17 years of age or over ,Citizens 18 years of age or over ,Citizens 20 years of age or over ,3,0,0,0,0,0,0
6,7,2,At the Australian citizenship ceremony%comma% people pledge to:,Obey the laws of Australia ,Volunteer in their community ,Pay taxes ,Obey the government unconditionally ,1,0,0,0,0,0,0
6,8,2,Children of Australian citizens who were born outside of Australia may:,Not be recognized as Australian citizens ,Be registered as Australian citizens only if they pass the citizenship test ,Be registered as Australian citizens only if they study or work in Australia for 3 years or more ,Be registered as Australian citizens ,4,0,0,0,0,0,0
6,9,3,A Jury:,Has the power to amend laws ,Decides if a law is reasonable ,Decides if a defendant is guilty of breaking the law ,Decides the punishment for offenders ,3,0,0,0,0,0,0
6,10,3,Can the government take away the judge%quote%s job if it disagrees with the decision that judge makes?,Yes,No,Yes%comma% in some cases,None of the above,2,0,0,0,0,0,0
6,11,3,The name given to the newly formed federation of states in 1901 was:,Australia Commonwealth ,The Commonwealth of Australia ,Australian Federation of States ,Australia ,2,0,0,0,0,0,0
6,12,3,The Prime Minister announces _________ on the eve of Australia Day.,The next Prime Minister ,The Best Politician Awards ,The Best Police Awards ,The Australian of the Year Awards ,4,0,0,0,0,0,0
6,13,3,What is the principal decision-making body of the Australian Government called?,The Queen ,The Governor-General ,The Prime Minister ,The Cabinet ,4,0,0,0,0,0,0
6,14,3,How many Members of Parliament are elected to the House of Representatives?,80,150,180,200,2,0,0,0,0,0,0
6,15,4,AusValue: Which of the following is an example of %quote%mateship%quote% value? ,You take a meal to an elderly neighbour.,You help driving a friend to medical appointment,All of the above,None of the above,3,0,0,0,1,0,0
6,16,4,AusValue: What is NOT a benefit of volunteering? ,It is a great opportunity to share knowledge,You are able to claim tax deduction,It will help you learn a new skill,It increases your integration into and sense of belonging to the Australian community,2,0,0,0,1,0,0
6,17,4,AusValue: Which of the following is an example of helping to keep our society safe? ,If a person in Australia sees or has knowledge of a child being abused%comma% they should report this to the police to investigate,Give money to police whenever possible,Have a safety deposit in your house to keep your valuables,All of the above,1,0,0,0,1,0,0
6,18,4,AusValue: Which of the following is NOT correct about Commitment to the Rule of Law? ,Australian laws apply to all people in Australia,Australian laws apply to permanent residents and citizens of Australia only,Importantance of laws is to maintain a peaceful and orderly society,In Australia%comma% everybody must obey the law and not break it at any time%comma% otherwise you will face panalties,2,0,0,0,1,0,0
6,19,4,AusValue: Which of the following is an example of equality of all people under the law? ,Any Australian citizen is eligible to apply for a passport regardless of their age.,All men%comma% but not women%comma% can join the Australian Defence Force.,Men and women should be provided equality of opportunity to pursue their goals and interests,Only wife can apply for a divorce to the courts,3,0,0,0,1,0,0
7,0,1,ANZAC Day is celebrated on:,25-Apr,25-May,31-Dec,1-Jan,1,0,0,0,0,0,0
7,1,1,Aboriginal people have been living in Australia for _______ years.,40%comma%000 to 60%comma%000 ,80%comma%000 to 100%comma%000 ,110%comma%000 to 150%comma%000 ,150%comma%000 to 200%comma%000 ,1,0,0,0,0,0,0
7,2,1,The typical landscape in the southern part of the Northern Territory is:,White sand beaches ,White desert ,Red desert ,Forest,3,0,0,0,0,0,0
7,3,1,The capital city of Victoria is:,Canberra,Melbourne,Sydney,Melton,2,0,0,0,0,0,0
7,4,1,Australia was a colony of:,Great Britain,France,German,None of the above,1,0,0,0,0,0,0
7,5,2,Which of the following is a responsibility for Australians 18 years old or over?,To attend university ,To serve on a jury if called to do so ,To volunteer in his or her community ,None of the above ,2,0,0,0,0,0,0
7,6,2,Australians are free to follow any belief of their choosing:,Unconditionally ,Only if their belief is approved by the police ,Only if they do not break the law ,Only if their belief is accepted by the Queen ,3,0,0,0,0,0,0
7,7,2,Australia is described as:,Monocultural ,Bicultural ,Anticultural ,Multicultural ,4,0,0,0,0,0,0
7,8,2,Which of the following is correct about freedoms in Australia?,Australians are free to join any organization ,Australians are free to join any legal organization ,Australians are free to swear at anyone ,All of the above ,2,0,0,0,0,0,0
7,9,3,______ Senators are elected to the Senate from each state?,8,12,14,16,2,0,0,0,0,0,0
7,10,3,Voting in local government elections is:,Compulsory in all states and territories ,Voluntary in a all states and territories ,Voluntary in some states ,Compulsory in some states ,3,0,0,0,0,0,0
7,11,3,Every state and territory of Australia:,Has its own Prime Minister ,Has its own Governor-General ,Has its own army ,Has its own capital ,4,0,0,0,0,0,0
7,12,3,The Cabinet is made up of:,The Queen,Ministers with the most senior qualifications ,The Prime Minister ,The Senators,2,0,0,0,0,0,0
7,13,3,_________ can tell a magistrate what to decide in an Australian court.,The Queen,The Prime Minister ,The police ,No one,4,0,0,0,0,0,0
7,14,3,Who is the representative for the Queen in each state?,The Prime Minister ,The Governor-General ,The Governor ,No representative,3,0,0,0,0,0,0
7,15,4,AusValue: Which of these statements about the Rule of Law is correct?,You do not have to follow the law if no one is watching,Not all Australians are equal in relation to the law,Regardless of your background or culture%comma% you must follow Australian Laws,Regardless of your background or culture%comma% you must follow your common sense,3,0,0,0,1,0,0
7,16,4,AusValue: Why are Australians allowed to peacefully protest against the actions of Australian government?,Because it is never acceptable to promote violence against another group of people,Because the tolerance of a peaceful public protest is an essential part of democracy,Because people are free to join any legal organization,Because this is a part of United Nation agreement,2,0,0,0,1,0,0
7,17,4,AusValue: What happens if a person%quote%s religious laws are different from Australian laws,The religious laws always prevail as it is part of freedom of religion in Australia,The person can choose which laws to follow as it is part of freedome of expression,Australian law must be followed by everyone in Australia%comma% including where it is different from religious laws,The supreme court of australia will determine which laws to follow for each case,3,0,0,0,1,0,0
7,18,4,AusValue: Which of the following is an example of contributing to Australian community? ,I should not make any effort to  get to know other people,People in Australia should not contribute to the community because Australia is a free country,Pay income taxes ,Volunteering or fundraising for a charity is a great opportunity to strengthen our community,4,0,0,0,1,0,0
7,19,4,AusValue: Should someone tolerates anotherperson where they find disagreement? ,No%comma% because you need to keep your dignity intact.,No%comma% people only need to treat each other with respect if they agree with on another.,Yes%comma% peaceful disagreement reflects Australian values in relation to mutual respect.,It is against the law to have any disagreement,3,0,0,0,1,0,0
8,0,1,Which of the following is Australia%quote%s smallest mainland state?,Victoria,Queensland,Tasmania,Gold Coast,1,0,0,0,0,0,0
8,1,1,British and Irish heritage has:,Had a major influence on Australia ,Had minor influence in Australia ,No influence in Australia ,Only influenced the government culture in Australia ,1,0,0,0,0,0,0
8,2,1,The first convict ships to arrive in Australia came from:,Japan,Spain,Great Britain,Canada,3,0,0,0,0,0,0
8,3,1,Which of the following is the second largest state in Australia?,South Australia ,Northern Australia ,Western Australia ,Queensland ,4,0,0,0,0,0,0
8,4,1,The British Government first transported convicts to:,Queensland ,New South Wales ,Tasmania ,Victoria,2,0,0,0,0,0,0
8,5,2,Australian citizens are free to follow%comma% obey and share their beliefs%comma% religions and traditions as long as they do not break what?,Australian laws,British laws,Chinese laws,All of the above ,1,0,0,0,0,0,0
8,6,2,All citizens are equal in the eyes of the law and none enjoys any special privilege as per the Australian Constitution. What would you say to this system.,The rule of law,Lawlessness,Disorganization,None of the above,1,0,0,0,0,0,0
8,7,2,Australia follows which form of government?,Democracy,Monarchy,Autocracy,Dictatorship,1,0,0,0,0,0,0
8,8,2,By when people are free to share different beliefs and traditions and follow them in the Australian democratic society,They have married,They do not change their religion,Australian laws are not broken by them,They go for holidays for less than 30 days,3,0,0,0,0,0,0
8,9,3,________ is responsible for local roads in Australia.,The federal government ,The state and territory governments ,The local government ,The Governor ,3,0,0,0,0,0,0
8,10,3,Jury members are chosen:,By gender ,By age,By status in the society ,Randomly ,4,0,0,0,0,0,0
8,11,3,The Australian court bases its decision on:,The police%quote%s judgement about the defendant ,The jury%quote%s personal feelings about the defendant ,The evidence presented in court ,All of the above,3,0,0,0,0,0,0
8,12,3,ATO stands for,Australian Territorial Office ,Australian Taxation Office ,Aboriginal Tactical Office ,Automatic Tax Office ,2,0,0,0,0,0,0
8,13,3,It is illegal to:,Talk on a hand-held mobile phone while driving. ,Talk to the Prime Minister ,Express negative comments about the government ,Talk to the Queen,1,0,0,0,0,0,0
8,14,3,Which of the following best describes Royal Assent?,When the Governor-General signs a Bill and it becomes law ,When the Prime Minister is elected ,When the Queen appoints the Governor-General ,When the Queen visits Australia ,1,0,0,0,0,0,0
8,15,4,AusValue: In Australia%comma% is it true that people can get more or less opportunities based on their religion? ,No%comma% all people should be provided equal opportunity to pursue their goals and interests regardless of their ethnicity or religion%comma% as long as they obey the law.,Yes%comma% people in minority can get less opportunities to pursue their goals and interests.,Yes%comma% if you belong to a religion followed by majority.,Yes%comma% if your religion is not approved by the government%comma% you will not get any opportunities to pursue your goals and interests.,1,0,0,0,1,0,0
8,16,4,AusValue: In Australia%comma% women are not permitted to pursue goals and interests in male-dominated industries. Yes/No?,Yes%comma% women have limited opportunities in Australia,No%comma% men and women have equal opportunities to pursue goals and interests in any industry.,Yes%comma% it is culturally not acceptable for women to work in certain industries,Yes%comma% as certain industries are not suitable for women,2,0,0,0,1,0,0
8,17,4,AusValue: Which of the below acts qualifies to be called %quote%mateship%quote%?,Taking meal to an elderly neighbour,Using someone else%quote%s things without asking them,Taking a walk in the park,Calling someone mate,1,0,0,0,1,0,0
8,18,4,AusValue: Which of the following events demonstrated Australian values during Bushfire season of 2019-20?,People created memes on Facebook to criticise the government action,People prayed for the bushfires to end,Members of the Sikh community donated thousands of bottles of water to communities and firefighters in Queensland.,People stopped building houses in the forest area,3,0,0,0,1,0,0
8,19,4,AusValue: Is it okay for people to criticise government or poke fun at political figures?,No%comma% they can be deported,Yes%comma% people are free to say and write what they think as long as it%quote%s within law,No%comma% they will be fined and possibly jailed,Yes%comma% as long as it doesn%quote%t hurt someone%quote%s sentiments,2,0,0,0,1,0,0
9,0,1,The Torres Strait Islands mostly lie in:,Queensland ,New South Wales ,Tasmania,None of the above,1,0,0,0,0,0,0
9,1,1,January 26 is the anniversary of:,The discovery of diamond in Australia ,The arrival of Aboriginals ,The arrival in Australia of the First Fleet in 1788 ,The first elected Prime Minister ,3,0,0,0,0,0,0
9,2,1,What does COAG stand for?,Council of Australian Government ,Council of Australian Guardians ,Council of Aboriginal Guardians ,Council of Aboriginal Government ,1,0,0,0,0,0,0
9,3,1,The capital of Tasmania is:,Darwin,Alice Springs,Sydney,Hobart,4,0,0,0,0,0,0
9,4,1,What colours are on the Torres Strait Islander Flag?,Red%comma% black%comma% and yellow ,Blue%comma% Green%comma% Yellow%comma% and Black ,Black%comma% white%comma% blue%comma% and green ,Black%comma% red%comma% blue%comma% and lime ,3,0,0,0,0,0,0
9,5,2,Through film%comma% music%comma% literature and art People can express their views as they have_____,Freedom of travel,Freedom of expression,Freedom of information,Freedom of speech,2,0,0,0,0,0,0
9,6,2,The minimum age is __________ to apply for a career in the Australian Defence Force,16 years ,18 years,20 years,22 years,2,0,0,0,0,0,0
9,7,2,Which of these is true about Participating in Australian Society?,All citizens are encouraged to participate in society in Australia,Only senior citizens are encouraged to participate in society in Australia,Only youngsters are encouraged to participate in society in Australia,Only political party members are encouranged to participate in society in Australia,1,0,0,0,0,0,0
9,8,2,___________has to obey Australia%quote%s laws,Only Parliament members,Only Police officers,Only People born in Australia,Everyone in Australia,4,0,0,0,0,0,0
9,9,3,The leader of a local council is called:,The Prime Minister ,The Minister,The Mayor ,Governor,3,0,0,0,0,0,0
9,10,3,How does a bill become a law?,Laws voted on by the citizens ,Laws passed by the local council,Laws passed by the Australian Parliament ,Laws chosen by the Queen ,3,0,0,0,0,0,0
9,11,3,___________ is the highest authority in Australian courts.,The judge or magistrate ,The jury members ,The lawyer ,The police ,1,0,0,0,0,0,0
9,12,3,It is _________ to bribe a police officer.,Legal ,Illegal ,Legal in some states ,Acceptable ,2,0,0,0,0,0,0
9,13,3,If you break the traffic laws%comma% you could be:,Fined or sent to prison ,Flogged ,Expelled from Australia ,All of the above ,1,0,0,0,0,0,0
9,14,3,The function of the Australian Constitution is to:,Set out the basic rules for the Prime Minister ,Set out the basic rules for everyone ,Set out the basic rules for the Queen ,Set out the basic rules for governing a country,4,0,0,0,0,0,0
9,15,4,AusValue: If you like someone%comma% can you force them to marry you?,Yes%comma% if you are wealthy,Yes%comma% as long as it is registered in the court.,No%comma% it is against the law in Australia and can result in severe legal penalties%comma% including imprisonment.,Yes%comma% as long as there is no objection from parents,3,0,0,0,1,0,0
9,16,4,AusValue: Is it legal in Australia for an adult to have sexual relations with a 15 year old girl?,It is allowed in some states and territories.,No%comma% it is against the law in all Australian states and territories.,Yes%comma% if the girl consents to it.,Yes%comma% if parents of the girl consent to it.,2,0,0,0,1,0,0
9,17,4,AusValue: Is it okay if people join a religious cult(group)?,Yes%comma% only if they have are associated with a political party,Yes%comma% only if they are approved by the Pope,Yes%comma% as long as that cult(group) is a legal group.,No%comma% as cults are unlawful entity in Australia,3,0,0,0,1,0,0
9,18,4,AusValue: Are people free to fight physically in public or private places if they disagree on social or political topic.,No,Yes%comma% if it%quote%s a fair fight.,Yes%comma% if it%quote%s oversighted by  a police officer.,Yes%comma% if both parties are the same gender.,1,0,0,0,1,0,0
9,19,4,AusValue: Which of the following is an example of contributing to the Australian community?,Not participating in a donation drive,Volunteering or fundraising for a charity,Keeping your front yard clean and tidy,Selling used goods to someone who needs,2,0,0,0,1,0,0
10,0,1,In which city%comma% High Court of Australia and Australian Parliament located?,Sydney,Perth,Melbourne,Canberra,4,0,0,0,0,0,0
10,1,1,In which state in Australia are most of the large mining projects located?,Queensland,Victoria,South Australia,Western Australia,4,0,0,0,0,0,0
10,2,1,On which of the following days Citizenship Ceremony programmes are held at many places across Australia?,Boxing Day,Australia Day,Christmas Day,ANZAC Day,2,0,0,0,0,0,0
10,3,1,Where is the world%quote%s largest coral reef %quote%The Great Barrier Reef%quote% located?,Queensland,Victoria,South Australia,Western Australia,1,0,0,0,0,0,0
10,4,1,What is the name of the National Day of remembrance that commemorates the Australians who sacrificed their lives during working in Australian peacekeeping operations?,Christmas Day,Boxing Day,ANZAC Day,Australia Day,3,0,0,0,0,0,0
10,5,2,People have ___________%comma% as they can say and write what they think and discuss their ideas with others.,Freedom of travel,Freedom of speech,Freedom of expression,Freedom of association,2,0,0,0,0,0,0
10,6,2,Which is true statement?,People can harm others in Australia,People cannot speak and write what they think in Australia,People are allowed to speak and write what they think in Australia,People can only speak English in Australia,3,0,0,0,0,0,0
10,7,2,Which is true statement?,To change laws%comma% Australians cannot campaign,Australian Constitution can not be changed,The government can be criticized by Australians,The government cannot be criticized by Australians,3,0,0,0,0,0,0
10,8,2,Is everyone in Australia deserves a %quote%fair go%quote% mean?,The achievements of a person should be the result of their background,The achievements of a person should be the result of their wealth,The achievements of a person should be the result of their hard work and talents,The achievements of a person should be the result of their social status,3,0,0,0,0,0,0
10,9,3,Do Australians vote in referendums?,No,Yes%comma% every 6 months,Yes%comma% occasionally ,Yes%comma% every 2 years,3,0,0,0,0,0,0
10,10,3,A Bill is:,A proposed law that has not yet passed through the Queen ,A proposed law that has not yet passed through Parliament ,A proposed law that has not yet passed through Senate ,A proposed law that has not yet passed through the police ,2,0,0,0,0,0,0
10,11,3,The Parliament answers to _________ for their decisions.,Queen Elizabeth II ,The Australian people ,The Prime Minister ,The Governor-General ,2,0,0,0,0,0,0
10,12,3,Which of the following has the power to make national laws that govern Australia?,The Parliament ,The citizens ,The Governor-General ,The Prime Minister ,1,0,0,0,0,0,0
10,13,3,When Australian citizens have concerns%comma% with whom should they raise matters to?,The Queen,The Prime Minister ,The police ,Their elected representatives ,4,0,0,0,0,0,0
10,14,3,If Australians break the law%comma% they get arrested by:,The Prime Minister ,Police Officers,Judges,Jury members,2,0,0,0,0,0,0
10,15,4,AusValue: Is It allowed to marry more than one person at the same time in Australia?,Yes%comma% as long as your existing partner approves it,No%comma% it is against law and can result in severe legal penalties%comma% including imprisonment.,Yes%comma% as long as it is registered in the court,Only when it is approved by your religion,2,0,0,0,1,0,0
10,16,4,AusValue: In Australia%comma% media such as newspapers%comma% television and radio channels is controlled by _____,no one,the government,political parties,businessmen,1,0,0,0,1,0,0
10,17,4,AusValue: Which of the below is an example of cyber abuse?,politely criticising a person online,commenting on someone%quote%s post,blocking a friend request,stalking a person online,4,0,0,0,1,0,0
10,18,4,AusValue: Australians recognise the importance of _________ in maintaining a peaceful and orderly society.,Laws,Social security,Religion,Immigration,1,0,0,0,1,0,0
10,19,4,AusValue: s it okay to apply for divorce from your partner%comma% even when they want continue the marriage?,Yes%comma% only when it is permitted by your parents,No%comma% the marriage must be protected irrespective of your wishes,No%comma% it is a sin and is punishable by society,Yes%comma% either a husband or a wife may apply for a divorce to the courts%comma% even if the other spouse wishes to continue the marriage.,4,0,0,0,1,0,0
11,0,1,What is the first sentence of the citizenship pledge?,Whose laws I will uphold and obey,I pledge my loyalty to Australia%comma% under God%comma%,From this time forward%comma% under God%comma%,I pledge my loyalty to Australia and its people%comma%,3,0,0,0,0,0,0
11,1,1,Why did Great Britain send convicts to Australia in the 1800s?,British laws were harsh and all convicts had to be sent to Australia for forced labour,Australian new free settlers needed labour to build infrastructure,British would like convicts to have a better life,British laws were harsh and the jails could not hold the large number of people imprisoned for their crimes,4,0,0,0,0,0,0
11,2,1,Who were the first large group of migrants not from Europe in the 1800%quote%s?,Chineses,Italians,Indians,Vietnameses,1,0,0,0,0,0,0
11,3,1,Who was the commander of the First Fleet?,Captain Arthur Conan Doyle,Captain James Cook,Captain Conan Philip,Captain Arthur Phillip,4,0,0,0,0,0,0
11,4,1,What is the first sentence of the Australia%quote%s national anthem?,Beneath our radiant Southern Cross,We%quote%ve golden soil and wealth for toil,Australians all let us rejoice,Advance Australia Fair,3,0,0,0,0,0,0
11,5,2,Which of the following include the privileges of an Australian?,Children born overseas can be registered by descent as Australian citizens,While overseas%comma% they can seek help from an Australian official,Apply for work in Australian Public Service,All of the above,4,0,0,0,0,0,0
11,6,2,In _______ an Australian citizen votes regularly.,State or territory and federal elections,Local government elections,Referendum,None of the above,1,0,0,0,0,0,0
11,7,2,Select the correct statement about the Australians,Only if children are born in Australia and New Zealand%comma% Australians can be registered as Australian citizens,Children born overseas to Australians can be registered as Australian citizens,Children born overseas to Australians cannot be registered as Australian citizens,None of the above,2,0,0,0,0,0,0
11,8,2,What is the duty/responsibility of ATO?,The duty of the ATO is to ensure all citizens are paying the correct amount of tax.,The duty of the ATO is to ensure that all citizens are aware of their tax rights and obligations,All of the above,None of the above,3,0,0,0,0,0,0
11,9,3,Which of the following is responsible for schools in Australia?,The Prime Minister ,The Queen,The Australian Government ,The state and territory governments ,4,0,0,0,0,0,0
11,10,3,The House of Representatives:,Is where the politicians live ,Consider%comma% debate%comma% and vote on laws ,Decide if the defendant is guilty in criminal cases ,Appoint the Prime Minister every 4 years ,2,0,0,0,0,0,0
11,11,3,Who may be called for jury service?,Anyone,Any citizens who is on the electoral roll ,Any male citizens who is on the electoral roll ,Any citizens who is less than 60 years of age ,2,0,0,0,0,0,0
11,12,3,In Australian politics%comma% Independent is:,A politician does not interact with anyone in the Parliamen,A politician who does not belong to any political party ,A politician who belongs to the Opposition ,None of the above,2,0,0,0,0,0,0
11,13,3,Representatives for state and territory governments are chosen by:,The Queen ,The Governor-General ,The Prime Minister ,Citizens in their area through election ,4,0,0,0,0,0,0
11,14,3,_________ approves the appointment of the Australian Government and its ministers.,The citizens ,The Prime Minister ,The Governor-General ,The Queen ,3,0,0,0,0,0,0
11,15,4,AusValue: Is it okay to share sexually explicit photos or videos online without consent?,No%comma% online abuse is not accepted in Australia.,Yes%comma% nobody cares about it,Yes%comma% as long as you remain anonymous,Only if it is shared to less than ten people,1,0,0,0,1,0,0
11,16,4,AusValue: Applicants for Australian citizenship don%quote%t have to make efforts to learn the English langauge%comma% if it is not your native language. True/False?,True. Applicants can take the citizenship test in their native language.,True. It doesn%quote%t make much difference to your citizenship application,False. Applicants for Australian citizenship must undertake to make reasonable efforts to learn the English language%comma% if it is not their native language.,True. You need to learn English only if you want to work in Australia,3,0,0,0,1,0,0
11,17,4,AusValue: In Australia%comma% can you stop a woman from getting ahead of men even when she has better qualifications and skills?,No%comma% in Australia%comma% it is a right for a woman to get a job ahead of a man%comma% if she has better qualifications and skills.,Yes%comma% it is a right for a man to get a job ahead of a woman in Australia,Yes%comma% men are always better at job than women,Yes%comma% a woman can not get better position than a man in Australia irrespective of her qualifications and skills,1,0,0,0,1,0,0
11,18,4,AusValue: In Australia%comma% can you create or promote racially offensive material to others?,Yes%comma% as long as it is done in a small group,Yes%comma% as long as you have a large number of followers,Yes%comma% if it is done via internet,No%comma% it is against Australian values and laws,4,0,0,0,1,0,0
11,19,4,AusValue: If you suspect your neighbour of committing a serious crime%comma% which of the below should you do?,You should report this to Australian government authorities as soon as possible.,You don%quote%t have to talk about it as it%quote%s none of your business,You should keep silence about it,You should ignore it as your life can get in danger,1,0,0,0,1,0,0
12,0,1,Along the eastern coast of Queensland which world famous reef runs?,Great Chagos Archipelogo Reef,Great Barrier Reef,Red Sea Corol Reef,Wakatobi Islands Reef,2,0,0,0,0,0,0
12,1,1,25 April is observed as_____each year.,Australia Day,Labour Day,Mother Day,ANZAC Day,4,0,0,0,0,0,0
12,2,1,What is called to the flag of Great Britain that is on Australian National Flag?,The Commonwealth Star,The Union Jack,The Southern Cross,St Andrew%quote%s Cross,2,0,0,0,0,0,0
12,3,1,What is considered national icons of Sydney?,Bondi and Manly Beaches,Schools and Universities,Taronga Zoo and Animals,Opera House and Harbour Bridge,4,0,0,0,0,0,0
12,4,1,______ the sacrifice of all Australians who served and died in wars%comma% conflicts and peacekeeping operations is remembered,Harmony Day,Labour Day,Remembrance day,ANZAC Day,4,0,0,0,0,0,0
12,5,2,Voting is compulsory in Australia in ____election,Federal,State,All of the above,Voting is not compulsory in Australia,3,0,0,0,0,0,0
12,6,2,_____ is an important right and responsibility%comma% all Australian citizens have,Travelling,Singing,Teaching,Voting,4,0,0,0,0,0,0
12,7,2,What is the minimum age to apply for a career in the Army?,16 years ,18 years,20 years,21 years,2,0,0,0,0,0,0
12,8,2,What will allow people to do freedom of speech?,Not to discuss their ideas with others,To discuss their ideas with others,To sing any song with others,To live peacefully if they don%quote%t discuss their ideas with others,2,0,0,0,0,0,0
12,9,3,_______ monarchy exists in Australia.,Royal,Absolute,Real,Constitutional,4,0,0,0,0,0,0
12,10,3,Which of the following is an example of a serious crime in Australia?,Not wearing seatbelt while travelling in a car ,Not going to church on Sundays ,Fraud ,Not going to vote,3,0,0,0,0,0,0
12,11,3,Each Australian citizen can vote for ____ representative(s) to represent them in the House of Representatives?,1,2,3,4,1,0,0,0,0,0,0
12,12,3,A representative in the House of Representatives is called:,Member of the Public ,Political member ,Member of Parliament ,Member of the House ,3,0,0,0,0,0,0
12,13,3,The Administrator in the Northern Territory is appointed by:,The Queen ,The Governor-General ,The Prime Minister ,The people,2,0,0,0,0,0,0
12,14,3,Australian courts are:,Run by the government ,Independent of the government ,Run by the Queens,Run by the citizens ,2,0,0,0,0,0,0
12,15,4,AusValue: Which of the following is incorrect about equality of all people under the law? ,Either a husband or wife may apply for a divorce to the courts%comma% even if the other spouse wishes to continue the marriage.,Physical violence against a spouse or partner is never acceptable and it is criminal offence,Both men and women have the right to make their own choices abut personal matters%comma% such as marriage and religion.,None of the above (all are correct),4,0,0,0,0,0,0
12,16,4,AusValue: In Australia%comma% can you encourage violence against a person or group of people if you have been insulted? ,Yes%comma% if you do not intend to carry out the violence.,No%comma% it is against Australian values and the law.,Sometimes%comma% if I feel very offended.,Yes%comma% if it is a fair fight.,2,0,0,0,0,0,0
12,17,4,AusValue: Which of the following is an example of %quote%mateship%quote% value? ,You take a meal to an elderly neighbour.,You help driving a friend to medical appointment,All of the above,None of the above,3,0,0,0,0,0,0
12,18,4,AusValue: Should people tolerate one another where they find that they disagree? ,It is against the law to disagree with one another.,No%comma% people only need to treat each other with respect if they agree with on another.,Yes%comma% peaceful disagreement reflects Australian values in relation to mutual respect.,No%comma% because you need to keep your dignity intact.,3,0,0,0,0,0,0
12,19,4,AusValue: In Australia%comma% are people free to choose who they marry or not marry? ,No%comma% your parent will choose for you,No%comma% your local council will choose for you,Yes,Depends on your income,3,0,0,0,0,0,0
13,0,1,___________is the native animal of Australia,Tiger,Elephant ,Kangaroo,Eagle,3,0,0,0,0,0,0
13,1,1,The Australian Capital Territory is situated between ________ and _________,Melbourne and Sydney,Perth and Adelaide,Melbourne and Perth,Hobart and Melbourne,1,0,0,0,0,0,0
13,2,1,What is represented by Commonwealth coat of arms?,National Unity of Australia,The peace,National sport teams%quote%s uniforms,National Animal of Australia,1,0,0,0,0,0,0
13,3,1,_______ and ________ lives the small population of the Northern Territory along the main highway.,Alice Springs and Palmerston,Alice Springs and Darwin,Adelaide and Belconnen,Palmerston and Belconnen,2,0,0,0,0,0,0
13,4,1,Which are Australia%quote%s official flags?,The Union Flag%comma% Eureka Flag,The Australian Aboriginal Flag,The Torres Strait Islander Flag%comma% the Australian National Flag%comma% and the Australian Aboriginal Flag,The Australian National Flag%comma% the Union Flag,3,0,0,0,0,0,0
13,5,2,Select a true statement about Freedom of association,Joining any social group is not allowed,Joining any political party is not allowed for Australians,Joining any legal organization is allowed for Australians,None of the above,3,0,0,0,0,0,0
13,6,2,A/An_____is often your mate,Grandfather,Father,Friend,Enemy,3,0,0,0,0,0,0
13,7,2,Select the true statement about Australia:,Others can be encouraged to break the law in Australia,False allegations cannot be made by the people of Australia,A person%quote%s reputation can be damaged by another in Australia,If you don%quote%t wish%comma% you don%quote%t have to vote in an Australian federal election,2,0,0,0,0,0,0
13,8,2,What will happen if people in Australia don%quote%t obey the laws?,Only a few laws are to be obeyed by Australians,As they are okay with not obeying the law%comma% nothing will happen,They may have to go to court after being arrested by the police,Their voting rights will be suspended,3,0,0,0,0,0,0
13,9,3,When can citizens seek help from their local police?,Only at night ,Only during weekends ,Only during weekdays ,Any time ,4,0,0,0,0,0,0
13,10,3,Which of the following is legal in Australia?,Fraud ,Murder ,Violence against women ,Owning a licensed gun ,4,0,0,0,0,0,0
13,11,3,The purpose of the jury system is to:,Ensure that the court system is open and fair ,Ensure the judges get paid ,Decide which laws should be passed ,Decides the punishment for offenders ,1,0,0,0,0,0,0
13,12,3,The state and territory governments are based in:,The central city of the state or territory ,Cities dedicated by the Queen ,The largest city of the state or territory ,Their capital cities ,4,0,0,0,0,0,0
13,13,3,Which of the following is a correct statement regarding Australian legal system?,People are considered guilty until founded innocent by a court ,People are considered innocent until founded guilty by the police ,People are considered innocent until founded guilty by a court ,People are considered guilty unless the Prime Minister says you are not ,3,0,0,0,0,0,0
13,14,3,Who chooses MPs or Senators to become ministers of the Australian Government?,The Queen ,he Governor-General ,The Prime Minister ,The citizens ,3,0,0,0,0,0,0
13,15,4,AusValue: Should people%quote%s freedom of speech and freedom of expression be respected in Australia? ,No,Yes,Depends on which state you are in,Depends on which city you are in,2,0,0,0,0,0,0
13,16,4,AusValue: Which of the following is NOT correct about freedom of speech? ,People in Australia should be able to express their ideas freely so long as it is within the law,In Australia%comma% people are free to meet for social or political discussion,In Australia%comma% people are free to say and write what they think about any topic and to discuss with others,In Australia%comma% people are free to join or leave any group voluntarily as long as it is within the law,4,0,0,0,0,0,0
13,17,4,AusValue: What is NOT Australian values? ,Freedom of speech,Freedom of association,Freedom of religion,Freedom of information,4,0,0,0,0,0,0
13,18,4,AusValue: Which of the following statement is INCORRECT about Loyalty to Australia? ,In the citizenship pledge%comma% Australian citizens pledge their loyalty to Australia and its people,Australian citizens may also hold the citizenship of another country or countries if the laws of those countries allows,It is illegal for Australians to be involved in any sexual activity%comma% here or overseas%comma% with a child under 16 years of age,None of the above (all are correct),4,0,0,0,0,0,0
13,19,4,AusValue: Which of the following is correct about freedom of religion? ,Australia has no official national religion,People in Australia are free to follow any religion they choose,Religious intolerance is not acceptable in Australian society,All of the above are correct,4,0,0,0,0,0,0
14,0,1,On the eve of Australia Day%comma% Where does the Prime Minister announce the Australian of the Year award?,Sydney,Melbourne,Adelaide,Canberra,4,0,0,0,0,0,0
14,1,1,The north islands of ______belongs to the Torres Strait Islanders.,Tasmania,New South Wales ,Victoria,Queensland,4,0,0,0,0,0,0
14,2,1,3 Important parts of the Australian National Flag are __________,The Southern Cross%comma% Union Jack%comma% the yellow circle, The Commonwealth Star%comma% Union Jack%comma% the Southern Cross,Union Jack%comma% The green stripes%comma% the Commonwealth Star,Black%comma% Yellow circle and Red parts,2,0,0,0,0,0,0
14,3,1,Being Australian the joy and pride are being publicly expressed through _____,God save the Queen,God save the King,Advance Australia Fair,The Star-Spangled Banner,3,0,0,0,0,0,0
14,4,1,How can Jury be defined?,A group of people who can vote in Federal and State elections,A group of people who can apply for an Australian passport and re-enter Australia freely,A group of ordinary Australian men and women who listen to the evidence in a court case and decide if a person is innocent or guilty.,A group of people committed to join together to defend the nation and its way of life.,3,0,0,0,0,0,0
14,5,1,The commonwealth Coat of Arms symbol and its background has ______,Golden wattle,Daffodils,Opal,Golden wattle,4,0,0,0,0,0,0
14,6,2,Many Australians can describe themselves as______,Christians,Muslims,Hindus,Buddhists,1,0,0,0,0,0,0
14,7,2,Early free settlers is originated from_______in Australia,North America,Africa,Great Britain and Ireland,Asia,3,0,0,0,0,0,0
14,8,2,Approximately%comma% ________was the population of Australia in 1901.,2 million,4 million,8 million,10 million,2,0,0,0,0,0,0
14,9,2,Which one of the following is false,People in Australia are free to follow any religion,Men and women can join the Army%comma% Navy and Air Force,All Australians have the opportunity to go to university,Australia is a Christian country,4,0,0,0,0,0,0
14,10,3,The members of Parliament are representation of:,All Australian citizens,Everyone living in his or her electoral district ,Every Australian citizen living in his/her suburb,Every Australian citizen living in his/her State,2,0,0,0,0,0,0
14,11,3,Which of the following governments is responsible for noise and animal control?,Local governments and the Australian Capital Territory Government,State and territory governments,The Australian Government,Australia Federal Police,1,0,0,0,0,0,0
14,12,3,Before 1901%comma% how many separate self-governing British colonies made up Australia,9,6,5,4,2,0,0,0,0,0,0
14,13,3,In a_________%comma% all the people of a country are involved in the way the country is governed.,Parliamentary democracy,Parliamentary dictatorship,Parliamentary Monarchy,Parliamentary republic,1,0,0,0,0,0,0
14,14,3,Which one is a true statement about the law in Australia?,The way in which a person%comma% as a citizen%comma% will have a say in the running of the country needs to be understood,The way in which laws are made in the parliamentary democracy and are administered needs to be understood,All of the above,None of the above,3,0,0,0,0,0,0
14,15,4,AusValue: Which of the following is NOT correct about freedom of associate? ,In Australia%comma% people are free to join or leave any group voluntarily as long as it is within the law,In Australia%comma% people are free to associate with crime activities,Australians can gather freely within others%comma% including to protest against a government action or organisation.,All protests must be within the law and must not injure any person,2,0,0,0,0,0,0
14,16,4,AusValue: Should people tolerate one another where they find that they disagree? ,It is against the law to disagree with one another.,No%comma% people only need to treat each other with respect if they agree with on another.,Yes%comma% peaceful disagreement reflects Australian values in relation to mutual respect.,No%comma% because you need to keep your dignity intact.,3,0,0,0,0,0,0
14,17,4,AusValue: Which of the following statement is INCORRECT (Helping to keep our society safe)? ,Cyber abuse is not acceptable in Australia,Sharing sexual photos or videos online without consent is illegal in Australia,Stalking a person online or making racially abusive comments about at person online is considered as a personal freedom.,If you suspect a friend or neighbour may be planning to commit a crime%comma% you should report this to Australian government authorities as soon as possible,3,0,0,0,0,0,0
14,18,4,AusValue: Which of these statements best demonstrates Australian values about freedom of expression? ,Everyone can peacefully express their opinions within the law.,People with different views from me need to keep quiet.,Only approved topics can be discussed.,Australian people are free to join or leave any group voluntarily.,1,0,0,0,0,0,0
14,19,4,AusValue: Which of the following is an example of contributing to Australian community? ,When you work%comma% you pay taxes.,When you buy a property%comma% you pay stamp duty to government.,Volunteering around school and children%quote%s activities.,Keep your front lawn tidy,3,0,0,0,0,0,0
15,0,1,European settlement in Australia began in:,1901,1888,1850,1788,4,0,0,0,0,0,0
15,1,1,Australia has ____ official flags?,1,2,3,6,3,0,0,0,0,0,0
15,2,1,The capital of South Australia is:,Cairn,Melbourne,Adelaide,Canberra,3,0,0,0,0,0,0
15,3,1,Australia is made up of:,5 states and 3 territories ,4 states and 2 territories ,6 states and 1 territories ,6 states and 2 territories ,4,0,0,0,0,0,0
15,4,1,When did the European settlement in Australia start?,1701,1788,1888,1901,2,0,0,0,0,0,0
15,5,1,_____ separates Tasmania from Austalian mainland.,Cook Strait,Tasmania Strait,Torres Strait,Bass Strait,4,0,0,0,0,0,0
15,6,2,Which of the following is correct about Defence Force in Australia?,Service in the Australian Defence Force is compulsory if you want to apply for a passport,Service in the Australian Defence Force is voluntary,Service in the Australian Defence Force is compulsory if you are not in school at the age of 18 -21,Service in the Australian Defence Force is voluntary for women,2,0,0,0,0,0,0
15,7,2,Australian citizens have a legal right to:,Travel to any country without a passport,Join the Australian Defence Force,Vote for the next Queen,All of the above,2,0,0,0,0,0,0
15,8,2,Which of the following statements is true?,Citizens 16 years of age or over can protest against the government,No one can protest against the government,Only politicians can protest,Citizens can protest against the government%comma% as long as they do it legally,4,0,0,0,0,0,0
15,9,2,Which of the following is a responsibility for Australians 18 years old or over?,To attend university ,To get married ,To vote in elections ,To apply for Australian passport ,3,0,0,0,0,0,0
15,10,2,Which of the following statement is INCORRECT?,Australians are required to follow Judaeo-Christian ethics,Australians are free to follow any religion,Australian men and women have the same rights,Australian citizens can vote in all elections,1,0,0,0,0,0,0
15,11,3,Each Australian citizen can vote for ____ representative(s) to represent them in the House of Representatives?,4,3,2,1,4,0,0,0,0,0,0
15,12,3,Which of the following statements is correct?,People vote by a show of hands ,People are free to vote for any candidate ,People must vote for candidates that are loyal to the Queen ,A and B ,2,0,0,0,0,0,0
15,13,3,The proposal to make a law in parliament is called the:,Debate ,Bill ,Law ,Amendment ,2,0,0,0,0,0,0
15,14,3,Which of the following maintains peace and order in Australia?,Polices,Judges,Lawyers,Prime Minister,1,0,0,0,0,0,0
15,15,4,AusValue: Do you agree that men and women should be provided equality of opportunity when pursuing their goals and interests? ,Yes%comma% people from different backgrounds are not given a preferential treatment%comma% nor discriminationed against,No since people are not created equal by nature,Depends if you are in rural area%comma% it is no need to be provided,No%comma% if you are rich%comma% you should have a special treatment,1,0,0,0,0,0,0
15,16,4,AusValue: Which of the following is incorrect about equality of all people under the law? ,Either a husband or wife may apply for a divorce to the courts%comma% even if the other spouse wishes to continue the marriage.,Physical violence against a spouse or partner is never acceptable and it is criminal offence,Both men and women have the right to make their own choices abut personal matters%comma% such as marriage and religion.,None of the above (all are correct),4,0,0,0,0,0,0
15,17,4,AusValue: In Australia%comma% can you encourage violence against a person or group of people if you have been insulted? ,Yes%comma% if you do not intend to carry out the violence.,No%comma% it is against Australian values and the law.,Sometimes%comma% if I feel very offended.,Yes%comma% if it is a fair fight.,2,0,0,0,0,0,0
15,18,4,AusValue: Which of the following is an example of %quote%mateship%quote% value? ,You take a meal to an elderly neighbour.,You help driving a friend to medical appointment,All of the above,None of the above,3,0,0,0,0,0,0
15,19,4,AusValue: Which of the following is NOT correct regarding to a %quote%fair-go%quote% value? ,A %quote%Fair-go%quote% apply for Australian citizen or permanent resident only,What someone achieves in life should be a result of their hard work and talents,A person should get a job based on their skills and experience%comma% not because of their gender%comma% wealth or ethnicity,When an organization needs to fill a job%comma% the law supports that they select the person with the best skills and experience for the job,1,0,0,0,0,0,0
16,0,1,What is the capital city of Australia?,Adelaide,Sydney,Melbourne,Canberra,4,0,0,0,0,0,0
16,1,1,The colour of the Australian National Flag,Blue%comma% white and Red,Black and white,Red%comma% Black and Yellow,White and green,1,0,0,0,0,0,0
16,2,1,Which of the following is Australia%quote%s largest city?,Canberra,Sydney,Melbourne,Perth,2,0,0,0,0,0,0
16,3,1,The main town near the centre of Australia is:,Sydney ,Alice Springs,Perth,Adelaide,2,0,0,0,0,0,0
16,4,1,What appears on the Australia%quote%s Coat of Arms?,Kangaroo,Emu,Koala,A and B,4,0,0,0,0,0,0
16,5,2,Which of the following ideas demonstrates compassion for those who need help in the Australian society?,A spirit of %quote%mateship%quote% ,A thought of %quote%peace%quote% ,A feeling of %quote%righteousness%quote% ,All of the above ,1,0,0,0,0,0,0
16,6,2, Mateship means ____,In times of need%comma% helping and receiving help from each other,Not to travel during pregnancy,Not helping others,Not receiving help from others,1,0,0,0,0,0,0
16,7,2,Which of the following is the official national religion of Australia?,Christianity ,Judaism ,Buddhism ,Australia has no official national religion ,4,0,0,0,0,0,0
16,8,2,What is the consequence of not attending a polling booth to vote?,You will be sent to jail ,You will have to vote twice next time ,You will be fined if you do not provide a good reason ,There is no consequence ,3,0,0,0,0,0,0
16,9,3,Violence towards another person is:,Legal ,Illegal ,Legal in some states ,Acceptable ,2,0,0,0,0,0,0
16,10,3,Laws:,Help to maintain a orderly and peaceful society ,Are needed to protect the government%quote%s rights ,Ensures that every citizen is wealthy ,All of the above ,1,0,0,0,0,0,0
16,11,3,Which of the following can apply Australian laws?,The High Court of Australia ,The High Court of Britain ,The Australian Defence Force ,The Australian Army,1,0,0,0,0,0,0
16,12,3,The power of government is controlled by:,The Queen,The Governor-General ,Dividing power among the three arms of government ,Dividing power among the Prime Minister and the Governor-General ,3,0,0,0,0,0,0
16,13,3,The role of the Governor-General is to:,Report to the Queen ,Appoint the Prime Minister ,Appoint the state premiers ,Sign Bills that were passed by the Parliament ,4,0,0,0,0,0,0
16,14,3,New laws or amendments to the laws are proposed by:,The Queen ,The elected members of the Australian Parliament ,The citizens ,All of the above ,3,0,0,0,0,0,0
16,15,4,AusValue: Why is it important that all Australian citizens vote to elect the state and federal parliament? ,By voting%comma% Australian citizens have a say in how Australia is governed and contribute to its future,There is a huge fine,To eligible for applying for a passport,To demonstate your loyalty to Australia,1,0,0,0,0,0,0
16,16,4,AusValue: Australian values based on ______? ,Freedom,Respect,Fairness and equality of opportunity,All of the above,4,0,0,0,0,0,0
16,17,4,AusValue: In Australia%comma% is it acceptable for a husband to be violent towards his wife if she has disobeyed or disrespected him? ,No,Yes with limitation of once every 6 months,Yes with limitation of once a year,Yes%comma% if no one sees it,1,0,0,0,0,0,0
16,18,4,AusValue: Which of the following is NOT correct about Australian parliamentary democracy? ,Voting is compulsory,The first election was in year 1801,Australian laws are determined by parliaments elected by the Australian people,There are two Houses; Senate and House of representatives,2,0,0,0,0,0,0
16,19,4,AusValue: Which of the following is an example of contributing to Australian community? ,Volunteering of fundraising for a charity is a great opportunity to strengthen our community.,I should not make any effort to get the know other people.,People in Australia should not contribute to the community because Australia is a safe country.,I work for Australian Armed Force.,1,0,0,0,0,0,0
17,0,1,_________ the Southern Cross is located on the Australian National Flag.,On the right,On the left,In the Centre,On the bottom left,1,0,0,0,0,0,0
17,1,1,The red colour on the bottom half represents ______on the Australian Aboriginal Flag,The Peace,The Sun,A spiritual relation to the land and the earth,Aboriginal people,3,0,0,0,0,0,0
17,2,1,_____ represent the points of the white star on the Torres Strait Islander Flag,A symbol for all Torres Strait Islanders,A symbol of peace,The island groups in the Torres Strait,A symbol of hope,3,0,0,0,0,0,0
17,3,1,_____ represents the black colour on the top half on the Australian Aboriginal Flag,Australia%quote%s Aboriginal people,A spiritual relation to the land and the earth,The Land,The Sky,1,0,0,0,0,0,0
17,4,1,_____represents the black lines on the Torres Strait Islander Flag,The peace,The Torres Strait Islander people,The Land,The Sky,2,0,0,0,0,0,0
17,5,2,Being an Australian%comma% the right to ______ comes,Apply for work in the Australian Defence Force or the Australian Public Service,Vote in a referendum%comma% federal and state or territory elections,Apply for Australian passport,All of the above,4,0,0,0,0,0,0
17,6,2,Which is true statement from following?,Torres Strait Islanders live in New Zealand,Torres Strait Islanders live in mainland Australia.,Torres Strait Islanders do not have a distinct cultural identity.,Torres Strait Islanders have a distinct cultural identity.,4,0,0,0,0,0,0
17,7,2,Which of the following is true about jury service in Australia?,Serving on a jury is voluntary,Only Aboriginals can serve on a jury,Australian citizens must serve on a jury if called to do so,None of the above,3,0,0,0,0,0,0
17,8,2,Which of the following statements is correct about education in Australia?,Only men can attend university in Australia,Everyone is required to attend university in Australia,Both Australian men and women may go to university if they choose to,None of the above,3,0,0,0,0,0,0
17,9,3,Which of the following is correct about the Queen%quote%s role?,She appoints the Prime-Minister ,She signs of Bills,She does not play a day-to-day role in Australia%quote%s government ,She pays for all government expense ,3,0,0,0,0,0,0
17,10,3,What is %quote%Executive power%quote% in the Australian Constitution?,The power to put laws into practice ,The power to execute criminals ,The power to make laws ,The power to change laws ,1,0,0,0,0,0,0
17,11,3, Australia is divided into _____ and Australians vote for one person to represent them in the House of Representatives.,Area electorates ,State electorates ,Federal electorates ,Territory electorates ,3,0,0,0,0,0,0
17,12,3,The judges and magistrates are appointed by:,The Queen ,The government ,The police ,The citizens ,2,0,0,0,0,0,0
17,13,3,In what year did the Australian Constitution take effect?,1801,1850,1877,1901,4,0,0,0,0,0,0
17,14,3,Who is responsible for conducting federal elections and referendums?,The Prime Minister ,The Sentors ,The Australian Electoral Commission ,The Governor-General ,3,0,0,0,0,0,0
17,15,4,AusValue: What is NOT a benefit of volunteering? ,It is a great opportunity to share knowledge,You are able to claim tax deduction,It will help you learn a new skill,It increases your integration into and sense of belonging to the Australian community,2,0,0,0,0,0,0
17,16,4,AusValue: Should people in Australia make an effort to learn English? ,People in Australia should speak whichever language is most commonly spoken in their local neighbourhood.,There is no expectation to learn any particular language in Australia.,Yes%comma% English is the national language of Australia and it helps. To get an education%comma% a job and to integrated into the community.,No%comma% you may put effort to learn most commonly spoken in your state.,3,0,0,0,0,0,0
17,17,4,AusValue: Which of the following is an example of equality of all people under the law? ,Any Australian citizen is eligible to apply for a passport regardless of their age.,All men%comma% but not women%comma% can join the Australian Defence Force.,Men and women should be provided equality of opportunity to pursue their goals and interests,Only wife can apply for a divorce to the courts,3,0,0,0,0,0,0
17,18,4,AusValue: Which of the following is NOT correct about Commitment to the Rule of Law? ,Australian laws apply to all people in Australia,Australian laws apply to permanent residents and citizens of Australia only,Importantance of laws is to maintain a peaceful and orderly society,In Australia%comma% everybody must obey the law and not break it at any time%comma% otherwise you will face panalties,2,0,0,0,0,0,0
17,19,4,AusValue: In Australia%comma% are people free to choose who they marry or not marry? ,No%comma% your parent will choose for you,No%comma% your local council will choose for you,Yes,Depends on your income,3,0,0,0,0,0,0
18,0,1,Which of these is the most important to live and work in Australia?,Travelling,Walking,Communicating in English,Driving,3,0,0,0,0,0,0
18,1,1,By whom the first colony of New South Wales was established?,Asians,British,Americans,Indonesian,2,0,0,0,0,0,0
18,2,1,The population of Australia was __________ when the Commonwealth of Australia was officially formed.,About 4 million people plus the Indigenous people ,About 4 million people including the Indigenous people ,About 6 million people plus the Indigenous people ,About 8 million plus the indigenous people ,1,0,0,0,0,0,0
18,3,1,Who can apply for an Australian passport?,Permanent residents of Australia ,Citizens of Australia ,Visa students of Australia ,All of the above ,2,0,0,0,0,0,0
18,4,1,The Aboriginal people of Australia were from:,China,Mainland Australia ,Tasmania,B and C,4,0,0,0,0,0,0
18,5,1,The first governor of the New South Wales colony was:,Sir Peter Sydney ,Sir Arthur Sydney ,Captain Peter Cook ,Captain Arthur Phillip ,4,0,0,0,0,0,0
18,6,1,_______ is the capital city of New South Wales.,Sydney,Perth,Melbourne,Canberra,1,0,0,0,0,0,0
18,7,2,Identify the statement that is true from following:,Australia%quote%s laws protect only the senior citizens of Australia,Australia%quote%s laws protect only the people born in Australia,All Australians have the right to be protected by Australia%quote%s laws,None of the above is true,3,0,0,0,0,0,0
18,8,2,What should you do as an Australian citizen?,Serve on a jury if called to do so,Not serve on a jury if called to do so,Not defend Australia should the need arise,Not vote in elections,1,0,0,0,0,0,0
18,9,3,What is needed for the Australian Constitution to be changed in a referendum?,A single majority ,Queen%quote%s approval ,A double majority ,The Sentors%quote% approval,3,0,0,0,0,0,0
18,10,3,Which of the following statements is correct?,The states and the Northern Territory have their own police forces ,Territories do not have their own police forces ,The states and the Northern Territory have their own army ,Only Sydney has its own police force ,1,0,0,0,0,0,0
18,11,3,Another name for the Senate is:,Upper House,Lower House,Senate House,Old House,1,0,0,0,0,0,0
18,12,3,Who has the right to be represented by a lawyer in court?,Only male Australians ,Only politicians ,Only the wealthy people ,Everyone,4,0,0,0,0,0,0
18,13,3,Everyone must wear ______ when travelling in a car in Australia.,Safety jacket ,Sunglasses ,Safebelt,Underwear,3,0,0,0,0,0,0
18,14,3,Who can seek election to parliament in Australia?,Permanent residents in Australia ,Australian citizens who are 18 years old or over ,Anyone older than 16 years old ,Employee of the parliament,2,0,0,0,0,0,0
18,15,4,AusValue: Which of the following is an example of mutual respect and tolerance for others? ,It is acceptable if John uses only verbal violence when he has a disgreement with Tommy,Amy listens to others and respecting their views and opinions%comma% even when they are different from your own,Anyone can create and share racially offensive material on Internet as long as it is anonymous and no specific offense to anyone,Mutual repect only applies to for people with 18 years of age and older,2,0,0,0,0,0,0
18,16,4,AusValue: What is NOT Australian values? ,Freedom of speech and mutual respect. ,Rule of law,Barbecue food,Equality of opportunity and the importance of democracy.,3,0,0,0,0,0,0
18,17,4,AusValue: Which of the following is an example of helping to keep our society safe? ,If a person in Australia sees or has knowledge of a child being abused%comma% they should report this to the police to investigate,Give money to police whenever possible,Have a safety deposit in your house to keep your valuables,All of the above,1,0,0,0,0,0,0
18,18,4,AusValue: What is an important of English language learning in Australia community? ,It helps to get an education%comma% a job and better integrate into the community,It helps you to get a concession card,It is to show your loyalty to Australia,It is the most spoken language in the world,1,0,0,0,0,0,0
18,19,4,AusValue: The power of government comes from? ,The Prime Minister ,The Queen,The God,The Australian people,4,0,0,0,0,0,0